<?xml version="1.0" encoding="UTF-8"?>
<actions>
    <action>
        <actionName>run</actionName>
        <goals>
            <goal>package</goal>
            
        </goals>
        <properties>
                <netbeans.deploy>true</netbeans.deploy>
            </properties>
        <activatedProfiles>
                <activatedProfile>tomcat</activatedProfile>
                <activatedProfile>logging</activatedProfile>
            </activatedProfiles>
    </action>
    <action>
        <actionName>debug</actionName>
        <goals>
            <goal>package</goal>
            <goal>antrun:run</goal>
        </goals>
        <properties>
            <vm.args>-Xdebug -Xrunjdwp:transport=dt_socket,server=n,address=${jpda.address}</vm.args>
            <jpda.listen>true</jpda.listen>
        </properties>
        <activatedProfiles>
            <activatedProfile>run-on-felix</activatedProfile>
        </activatedProfiles>
    </action>
    <action>
        <actionName>profile</actionName>
        <goals>
            <goal>package</goal>
            <goal>antrun:run</goal>
        </goals>
        <properties>
            <vm.args>${profiler.args}</vm.args>
            <!-- XXX <java jvm="${profiler.java}" ...> -->
            <profiler.action>profile</profiler.action>
        </properties>
        <activatedProfiles>
            <activatedProfile>run-on-felix</activatedProfile>
        </activatedProfiles>
    </action>
    <action>
            <actionName>CUSTOM-Run project - felix</actionName>
            <displayName>Run project - felix</displayName>
            <goals>
                <goal>package</goal>
                <goal>antrun:run</goal>
            </goals>
            <activatedProfiles>
                <activatedProfile>run-on-felix</activatedProfile>
            </activatedProfiles>
        </action>
    
</actions>
