<?xml version="1.0" encoding="UTF-8"?>
<!--
  Copyright 2012-2013 The Open Source Electronic Health Record Agent

  Licensed under the Apache License, Version 2.0 (the "License");
  you may not use this file except in compliance with the License.
  You may obtain a copy of the License at

  http://www.apache.org/licenses/LICENSE-2.0

  Unless required by applicable law or agreed to in writing, software
  distributed under the License is distributed on an "AS IS" BASIS,
  WITHOUT WARRANTIES OR CONDITIONS OF ANY KIND, either express or implied.
  See the License for the specific language governing permissions and
  limitations under the License.
-->
<features name="${project.artifactId}-${project.version}" xmlns="http://karaf.apache.org/xmlns/features/v1.0.0">

  <repository>mvn:org.apache.karaf.assemblies.features/standard/${karaf.version}/xml/features</repository>
  <repository>mvn:org.apache.karaf.assemblies.features/enterprise/${karaf.version}/xml/features</repository>
  <repository>mvn:org.apache.cxf.karaf/apache-cxf/${cxf.version}/xml/features</repository>
  <repository>mvn:org.apache.camel.karaf/apache-camel/${camel.version}/xml/features</repository>
    
  <feature name='${project.build.finalName}' version='${project.version}' resolver='(obr)'>
    <feature version="${cxf.version}">cxf</feature>
    <feature version="${camel.version}">camel-spring</feature>
    <feature version="${camel.version}">camel-jaxb</feature>
    <feature version="${camel.version}">camel-cxf</feature>

    <bundle dependency='true'>mvn:com.talend.se.demo/util-spring/${project.version}</bundle>
    <bundle>mvn:${project.groupId}/${project.build.finalName}/${project.version}</bundle>
  </feature>
        
</features>