<?xml version="1.0" encoding="UTF-8"?>
<beans xmlns="http://www.springframework.org/schema/beans"
       xmlns:xsi="http://www.w3.org/2001/XMLSchema-instance" 
       xmlns:context="http://www.springframework.org/schema/context"
       xmlns:util="http://www.springframework.org/schema/util"	
       xmlns:amq="http://activemq.apache.org/schema/core"
       xmlns:camel="http://camel.apache.org/schema/spring"
       xmlns:prop="http://camel.apache.org/schema/placeholder"
       xsi:schemaLocation="
		http://www.springframework.org/schema/beans 
			http://www.springframework.org/schema/beans/spring-beans.xsd
		http://www.springframework.org/schema/context
			http://www.springframework.org/schema/context/spring-context.xsd
		http://www.springframework.org/schema/util
			http://www.springframework.org/schema/util/spring-util.xsd
		http://activemq.apache.org/schema/core http://activemq.org/config/1.0/1.0.xsd
		http://camel.apache.org/schema/spring http://camel.apache.org/schema/spring/camel-spring.xsd 
         ">


    <!-- start activemq configuration -->
    <bean id="jmsConnectionFactory" 
          class="org.apache.activemq.ActiveMQConnectionFactory">
        <property name="brokerURL" value="tcp://{{activemq.host}}:{{activemq.port}}" />
    </bean>

    <bean id="pooledConnectionFactory" 
          class="org.apache.activemq.pool.PooledConnectionFactory" init-method="start" destroy-method="stop">
        <property name="maxConnections" value="{{activemq.maxConnections}}" />
        <property name="connectionFactory" ref="jmsConnectionFactory" />
    </bean>

    <bean id="jmsConfig" 
          class="org.apache.camel.component.jms.JmsConfiguration">
        <property name="connectionFactory" ref="pooledConnectionFactory"/>
        <property name="concurrentConsumers" value="{{activemq.concurrentConsumers}}"/>
    </bean>

    <bean id="amq" 
          class="org.apache.activemq.camel.component.ActiveMQComponent">
        <property name="configuration" ref="jmsConfig"/>
    </bean>
    <!-- end activemq configuration -->

    <!-- hl7 codec -->
    <bean id="hl7codec" class="org.apache.camel.component.hl7.HL7MLLPCodec">
        <property name="charset" value="iso-8859-1"/>
    </bean>
                                                
    <camelContext id="hl7mediator" xmlns="http://camel.apache.org/schema/spring">
        <camel:propertyPlaceholder id="properties" location="ref:propertySources"/>
        <endpoint id="mirth.listener.mllp" uri="mina:tcp://localhost:{{mirth.listener.mllp.port}}?sync=true&amp;codec=#hl7codec"/>
        <endpoint id="mirth.sender.mllp" uri="mina:tcp://{{mirth.host}}:{{mirth.sender.mllp.port}}?sync=true&amp;codec=#hl7codec"/>
        <endpoint id="mirth.receiver.jms" uri="amq:{{mirth.receiver.jms.queue}}"/>
        <endpoint id="vista.listener.mllp" uri="mina:tcp://localhost:{{vista.listener.mllp.port}}?sync=true&amp;codec=#hl7codec"/>

            
        <route id="consumeFromMirthJms">
            <from ref="mirth.receiver.jms"/>
            <convertBodyTo type="java.lang.String"/>
            <to uri="log:mirthReceiverJms"/>
            <to ref="mirth.sender.mllp"/>
            <to uri="log:mirthReceiverJmsResponse"/>
        </route>

        <route id="consumeFromMirthMllp">
            <from ref="mirth.listener.mllp" />
            <to uri="log:mirthListenerMllp"/>
            <to ref="mirth.sender.mllp"/>
        </route>

        <route id="consumeFromVistaMllp">
            <from ref="vista.listener.mllp"/>
            <to uri="log:vistaListenerMllp"/>
            <to ref="mirth.sender.mllp"/>
        </route>

    </camelContext>
		

</beans>