<?xml version="1.0" encoding="UTF-8"?>
<beans xmlns="http://www.springframework.org/schema/beans"
       xmlns:xsi="http://www.w3.org/2001/XMLSchema-instance" 
       xmlns:context="http://www.springframework.org/schema/context"
       xmlns:util="http://www.springframework.org/schema/util"	
       xmlns:camel-osgi="http://camel.apache.org/schema/osgi"
       xmlns:osgi="http://www.springframework.org/schema/osgi"
       xmlns:osgix="http://www.springframework.org/schema/osgi-compendium"
       xsi:schemaLocation="
		http://www.springframework.org/schema/beans 
                    http://www.springframework.org/schema/beans/spring-beans.xsd
		http://www.springframework.org/schema/context
                    http://www.springframework.org/schema/context/spring-context.xsd
		http://www.springframework.org/schema/util
                    http://www.springframework.org/schema/util/spring-util.xsd
                http://www.springframework.org/schema/osgi
                    http://www.springframework.org/schema/osgi/spring-osgi.xsd
                http://www.springframework.org/schema/osgi-compendium
                    http://www.springframework.org/schema/osgi-compendium/spring-osgi-compendium.xsd
    ">

    <bean id="systemProperties" class="com.talend.se.demo.util.spring.PrintSystemProperties" />

    <util:properties id="defaultProperties">
        <prop key="comment">these properties have been moved to the config-admin service in karaf environment</prop>
    </util:properties> 
    
    <!-- load just system properties to allow dynamic specification of properties file via local.config System property -->
    <bean id="systemPropertiesConfig"
          class="org.springframework.beans.factory.config.PropertyPlaceholderConfigurer">
        <property name="placeholderPrefix" value="##" />
        <property name="placeholderSuffix" value="##" />
        <property name="ignoreUnresolvablePlaceholders" value="true"/>
    </bean>

    <!-- osgi config-admin service properties -->
    <osgix:cm-properties id="osgi-cm-properties" persistent-id="com.talend.se.demo.vista.openmash.hl7mediator">
        <prop key="activemq.host">amq0.openmashvista.net</prop>
        <prop key="activemq.port">11516</prop>
        <prop key="activemq.concurrentConsumers">10</prop>
        <prop key="activemq.maxConnections">8</prop>
        <prop key="mirth.host">iscache.openmashvista.net</prop>
        <prop key="mirth.receiver.jms.queue">mirth-hl7-out</prop>
        <prop key="mirth.sender.mllp.port">11961</prop>
        <prop key="mirth.listener.mllp.port">6662</prop>
        <prop key="vista.listener.mllp.port">6663</prop>
    </osgix:cm-properties>

    <bean id="optionalProperty" class="org.springframework.beans.factory.config.PropertiesFactoryBean" abstract="true">
        <property name="ignoreResourceNotFound" value="true"/>
    </bean>

    <!-- centralize properties so for reference by both spring and camel property placeholders -->
    <bean id="propertySources" class="org.springframework.beans.factory.config.PropertiesFactoryBean">
        <property name="propertiesArray">
            <util:list>
                <ref local="defaultProperties"/>
                <util:properties location="classpath:container.properties"/>
                <bean parent="optionalProperty">
                    <property name="location" value="classpath:container.test.properties"/>
                </bean>
                <util:properties location="classpath:app.properties"/>
                <bean parent="optionalProperty">
                    <property name="location" value="classpath:app.test.properties"/>
                </bean>
                <!-- local configuration by developer -->
                <bean parent="optionalProperty">
                    <property name="location" value="##local.config##"/>
                </bean>
                <!-- externalized configuration in runtime environment -->
                <bean parent="optionalProperty">
                    <property name="location" value="##external.config##"/>
                </bean>
                <ref local="osgi-cm-properties"/>
            </util:list>
        </property>
    </bean>

    <bean id="springPropertiesPlaceholder"
          class="org.springframework.beans.factory.config.PropertyPlaceholderConfigurer">
        <property name="ignoreUnresolvablePlaceholders" value="true"/>
        <property name="systemPropertiesModeName" value="SYSTEM_PROPERTIES_MODE_OVERRIDE"/>
        <property name="placeholderPrefix" value="{{" />
        <property name="placeholderSuffix" value="}}" />
        <property name="properties" ref="propertySources"/>
    </bean>

    <bean id="printProperties" class="com.talend.se.demo.util.spring.PrintProperties">
        <property name="propertyList">
            <map>
                <entry key="activemq.host" value="{{activemq.host}}"/>
                <entry key="activemq.port" value="{{activemq.port}}"/>
                <entry key="activemq.concurrentConsumers" value="{{activemq.concurrentConsumers}}"/>
                <entry key="activemq.maxConnections" value="{{activemq.maxConnections}}"/>
                <entry key="mirth.host" value="{{mirth.host}}"/>
                <entry key="mirth.receiver.jms.queue" value="{{mirth.receiver.jms.queue}}"/>
                <entry key="mirth.sender.mllp.port" value="{{mirth.sender.mllp.port}}"/>
                <entry key="mirth.listener.mllp.port" value="{{mirth.listener.mllp.port}}"/>
                <entry key="vista.listener.mllp.port" value="{{vista.listener.mllp.port}}"/>
            </map>
        </property>
    </bean>


</beans>